Название видео,ссылка
Беседа Зазнобина В.М. и писателя Меняйлова А.А. (27 декабря 2012 г.),https://www.youtube.com/watch?v=1xh4karX5hw
Зазнобин В М  2010 11 29   Европейский русский форум Европарламент Брюссель,https://www.youtube.com/watch?v=qpJnKBOIkvE
Зазнобин В М  2011 06 06   Встреча с учёными ИФСиП НАН Азербайджана ч 2 из 2,https://www.youtube.com/watch?v=qzJ4Ateo0w4
Зазнобин В.М. Адекватная идеология для Белоруссии и Русской цивилизации в целом (2 июля 2016 г.),https://www.youtube.com/watch?v=fSS_A6mBozk
Зазнобин В.М. Азербайджан. Пушкин. Динамическое программирование (30 июня 2011 г.),https://www.youtube.com/watch?v=9TDyIwUR66I
Зазнобин В.М. Алгоритмы смуты (23 ноября 2006 г.),https://www.youtube.com/watch?v=ZB2AW4cNc6U
Зазнобин В.М. Беседа о гадании (29 ноября 2007 г.),https://www.youtube.com/watch?v=bN8WxnWLmmE
Зазнобин В.М. Беседа о музыке (31 мая 2014 г.),https://www.youtube.com/watch?v=mAd8wnBAMdY
Зазнобин В.М. Беседа о Пушкине в телепередаче "Источник вдохновения" (7 апреля 2004 г.),https://www.youtube.com/watch?v=8Bw8Dt4h07s
Зазнобин В.М. Беседа о творчестве А.С. Пушкина (5 июня 2016 г.),https://www.youtube.com/watch?v=1gOS-J3VYOY
Зазнобин В.М. Беседа после фильма "28 панфиловцев" (3 января 2017 г.),https://www.youtube.com/watch?v=_oPI6P6A2QA
Зазнобин В.М. Беседа с баптистом в Ивановке Азербайджан (8 июня 2011 г.),https://www.youtube.com/watch?v=7z8BcoHWouQ
Зазнобин В.М. Беседы по теории суперсистем часть 1 (июнь 2006 г.),https://www.youtube.com/watch?v=FMewBWolufM
Зазнобин В.М. Беседы по теории суперсистем часть 2 (июнь 2006 г.),https://www.youtube.com/watch?v=zA0CXrPAwt4
Зазнобин В.М. Будущее вырастает из настоящего (31 мая 2014 г.),https://www.youtube.com/watch?v=3HMF1hMgICY
Зазнобин В.М. В Пуще. Ответы на вопросы (2 июля 2016 г.),https://www.youtube.com/watch?v=LaUY0az0P6w
Зазнобин В.М. В чём суть реформы образования (3 сентября 2016 г.),https://www.youtube.com/watch?v=O3iIaa2Jsxg
Зазнобин В.М. Восток дело тонкое образование МКФС молодёжь (15 июня 2006 г.),https://www.youtube.com/watch?v=hn6-y3unOo0
Зазнобин В.М. Встреча в Сочи (3 июня 2015 г.),https://www.youtube.com/watch?v=xKLe8n8I_GU
Зазнобин В.М. Встреча с жителями села Ивановка Азербайджана (8 июня 2011 г.),https://www.youtube.com/watch?v=-eWsxCWeQ5I
Зазнобин В.М. Встреча с МО РОД КПЕ и РОД С КОБ в Санкт-Петербурге (19 сентября 2009 г.),https://www.youtube.com/watch?v=R7c4NpQVe5s
Зазнобин В.М. Встреча с последователями Мегре (январь 2007 г.),https://www.youtube.com/watch?v=SQD2bYKJQ0s
Зазнобин В.М. Встреча с учёными ИФСиП НАН Азербайджана часть 2 (6 июня 2011 г.),https://www.youtube.com/watch?v=XxbHy7nhXGU
Зазнобин В.М. Встреча со студентами факультета Национальной безопасности РАНХиГС (7 мая 2016 г.),https://www.youtube.com/watch?v=nrIQdmxltqg
Зазнобин В.М. Выступление в Челябинске часть 1 (4 февраля 1999 г.),https://www.youtube.com/watch?v=yCrM9tHN65M
Зазнобин В.М. Выступление в Челябинске часть 2 (4 февраля 1999 года),https://www.youtube.com/watch?v=9-fHz7a3kuw
Зазнобин В.М. Выступление на выставке «Санкт Петербургский международный книжный салон» (23.05.2015),https://www.youtube.com/watch?v=c5knOrVUG9s
Зазнобин В.М. Выступление на конференции «Согласие2045» (24 февраля 2018 г.),https://www.youtube.com/watch?v=Wh_7yC67jFM
Зазнобин В.М. Выступление на круглом столе в московском офисе «БИЗНЕС Online» (7 июня 2017 г.),https://www.youtube.com/watch?v=HDUqVLpRFiY
Зазнобин В.М. Выступления в Куала Лумпур Малайзия (май 2010 г.),https://www.youtube.com/watch?v=-JLWkJU_7GM
Зазнобин В.М. Главная проблема современного мира (21 декабря 2015 г.),https://www.youtube.com/watch?v=ABLhwme6i-Y
Зазнобин В.М. Глобальное управление Путин критерии истины (18 апреля 2007 г.),https://www.youtube.com/watch?v=FaoSZ8tCZrs
Зазнобин В.М. Глобальный исторический процесс часть 1 г. Алушта (13 августа 2013 г.),https://www.youtube.com/watch?v=kfhyvq1bQOI
Зазнобин В.М. Глобальный исторический процесс часть 2 г. Алушта (13 августа 2013 г.),https://www.youtube.com/watch?v=kgtfH-4INnU
Зазнобин В.М. Глобальный поворот (26 марта 2014 г.),https://www.youtube.com/watch?v=fBkzTpR9sYg
Зазнобин В.М. Государственность России ГКЧП Путин (6 сентября 2006 г.),https://www.youtube.com/watch?v=fo7yxV3d_Xo
Зазнобин В.М. Действенная власть. Глобальное матричное управление (29 марта 2006 г.),https://www.youtube.com/watch?v=DNcG6Knj1mM
Зазнобин В.М. Домик в Коломне (2001 г.),https://www.youtube.com/watch?v=dJpq4FS-J_g
Зазнобин В.М. Домик в Коломне смена логики социального поведения короткий оверштаг (дек. 1993 г.),https://www.youtube.com/watch?v=RmTHznjvs24
Зазнобин В.М. Домик в Коломне. Второй смысловой ряд произведений А. С. Пушкина (2005 г.),https://www.youtube.com/watch?v=0ON0ID1CSQo
Зазнобин В.М. Достаточно общая теория управления часть 3 (2007 г.),https://www.youtube.com/watch?v=gJKfllS1y1E
Зазнобин В.М. Достаточно общая теория управления часть 4 (2007 г.),https://www.youtube.com/watch?v=efviO8-Dlkw
Зазнобин В.М. Достаточно общая теория управления часть 5 (2007 г.),https://www.youtube.com/watch?v=tVmhKtA8beM
Зазнобин В.М. Достаточно общая теория управления часть 6 (2007 г.),https://www.youtube.com/watch?v=bJ_HrR2N5Mo
Зазнобин В.М. ДОТУ Лекция (20 октября 2009 г.),https://www.youtube.com/watch?v=ykWQ1vBA62M
Зазнобин В.М. Загадка «Пророка» А. С. Пушкина (5 июня 2008 г.),https://www.youtube.com/watch?v=DSQuPtsuZmI
Зазнобин В.М. Загадка «Пророка» А. С. Пушкина в Эстонии (27 февраля 2010 г.),https://www.youtube.com/watch?v=3vY-_JTIebg
Зазнобин В.М. Закон времени (6 октября 2009 г.),https://www.youtube.com/watch?v=4ftKP20Mbco
Зазнобин В.М. Западная Украина пойдёт на Киев или на Европу (июнь 2014 г.),https://www.youtube.com/watch?v=GKLZfYI7upE
Зазнобин В.М. Защита будущего (19 июня 2002 года),https://www.youtube.com/watch?v=ynEwk-4nBxk
Зазнобин В.М. Зубков ГП будущее России ШОС Украина (19 сентября 2007 г.),https://www.youtube.com/watch?v=PdSRRpnKS9g
Зазнобин В.М. Интервью для студии «Закон Времени» (22 мая 2013 г.),https://www.youtube.com/watch?v=AxjegEnHKjk
Зазнобин В.М. Интервью иранскому журналисту КОРОТКАЯ версия только русский язык (29 марта 2017 г.),https://www.youtube.com/watch?v=ebcKVTEl1j4
Зазнобин В.М. Интервью иранскому журналисту ПОЛНАЯ версия (29 марта 2017 г.),https://www.youtube.com/watch?v=oJnIv9pF6Gw
Зазнобин В.М. Интервью о Сталине (3 марта 2016 г.),https://www.youtube.com/watch?v=aRf7zx9Udb4
Зазнобин В.М. Интервью по книгам ВП СССР (2005 г.),https://www.youtube.com/watch?v=sFNmfO5T_Go
Зазнобин В.М. Информационная война после глобального поворота (19 апреля 2014 г.),https://www.youtube.com/watch?v=wfViKoaFRRI
Зазнобин В.М. Информационная подготовка к 2007 году (28 декабря 2006 г.),https://www.youtube.com/watch?v=3TEUwqpO9uY
Зазнобин В.М. История трёх русских смут и перспективы выхода из последней четвёртой (16 нояб. 2006),https://www.youtube.com/watch?v=F-lOa1T6F9E
Зазнобин В.М. История. Анастасиевцы. Религия. Вопросы и ответы. г. Алушта (13 августа 2013 г.),https://www.youtube.com/watch?v=bSit9F-OX58
Зазнобин В.М. Как избавиться от печального наследия Атлантиды (21 декабря 2013 г.),https://www.youtube.com/watch?v=cY_rnEGT1Zk
Зазнобин В.М. Как меняются воды (24 сентября 1997 г.),https://www.youtube.com/watch?v=ggoyakv3BOw
Зазнобин В.М. Как преподавать КОБ. Слёт КПЕ на Еланчике (июль 2003 г.),https://www.youtube.com/watch?v=Ero1hfRzTZQ
Зазнобин В.М. Ко всем кто встал на путь к человечности (30 декабря 2014 г.),https://www.youtube.com/watch?v=PDlrcuqwcfY
Зазнобин В.М. КОБ «под судом» (31 мая 2014 г.),https://www.youtube.com/watch?v=DE4Vg3nglRI
Зазнобин В.М. КОБ в образах Пушкина (12 февраля 1999 г.),https://www.youtube.com/watch?v=-6KWgxP4S5A
Зазнобин В.М. КОБ за границей. Wikileaks. Легитимность власти (29 декабря 2010 г.),https://www.youtube.com/watch?v=bdGblB0MYDI
Зазнобин В.М. КОБ и законодательство (29 мая 1997 г.),https://www.youtube.com/watch?v=r24ZeaMiM7w
Зазнобин В.М. Краткая беседа с норвежской молодёжью в Петрозаводске (23 апреля 2014 г.),https://www.youtube.com/watch?v=VdatgBLj7TU
Зазнобин В.М. Культура и личность (21 июня 2012 г.),https://www.youtube.com/watch?v=JLposY5RtM8
Зазнобин В.М. Магия Пушкинского слова (8 апреля 2004 г.),https://www.youtube.com/watch?v=808B_LOhkgY
Зазнобин В.М. Мастер и Маргарита Библия МКФС (25 января 2006 г.),https://www.youtube.com/watch?v=ETDl4AXhy6k
Зазнобин В.М. Матрица "Руслан и Людмила". Беседа о будущем с молодёжью (январь 2017 г.),https://www.youtube.com/watch?v=HTExOnh168U
Зазнобин В.М. Матрица и экономика развала СССР. Теракты 11 сентября. Психика и... (10 августа 2011),https://www.youtube.com/watch?v=Fz4_uTMY1HA
Зазнобин В.М. Матрично-эгрегориальные войны — третья мировая война Белоруссия (2 августа 2014 г.),https://www.youtube.com/watch?v=XCyYK_PO3Bw
Зазнобин В.М. Методология «Ордена меча и орала» типы мышления выборы Трампа и будущее (19.10.2016),https://www.youtube.com/watch?v=51QdpM-aeIQ
Зазнобин В.М. Методы концентрации управления в обществе (24 апреля 1997 г.),https://www.youtube.com/watch?v=tHns28Go74Y
Зазнобин В.М. Мировая кредитно-финансовая система и энергорубль (17 мая 2006 г.),https://www.youtube.com/watch?v=qMEtaJE_tj4
Зазнобин В.М. Мутагенный фактор городов. Русская идея справедливости. Убийство Пушкина (24.03.2011),https://www.youtube.com/watch?v=xGdAFU8IQq0
Зазнобин В.М. На пути к единой цивилизации (22 июля 2015 г.),https://www.youtube.com/watch?v=97D3Dmwm19w
Зазнобин В.М. Написание КОБ домыслы о ВП СССР и КПЕ г. Казань (30 мая 2010 г.),https://www.youtube.com/watch?v=rUgQTbOyUts
Зазнобин В.М. Напутствие Сталина (24 июля 2002 г.),https://www.youtube.com/watch?v=YL3sVyaWaL8
Зазнобин В.М. Новогоднее обращение (29 декабря 2012 г.),https://www.youtube.com/watch?v=btwMsZfdotE
Зазнобин В.М. Новые исследования творчества А.С. Пушкина г. Алушта часть 1 (15 августа 2013 г.),https://www.youtube.com/watch?v=mLPdsjGExkc
Зазнобин В.М. Новые исследования творчества А.С. Пушкина г. Алушта часть 2 (15 августа 2013 г.),https://www.youtube.com/watch?v=b32BB2T-YZs
Зазнобин В.М. Новый этап глобализации и КОБ (16 мая 2013 г.),https://www.youtube.com/watch?v=2CGyJevXm70
Зазнобин В.М. Ноосфера и эгрегоры. Карфаген и Беслан. Украина. Китай. Берия. Пушкин (11 июня 2014),https://www.youtube.com/watch?v=dLD12H2B-qY
Зазнобин В.М. О Концепции Эрдогане и Турции  об 11 сентября 2001 США и энерговалюте (21.07.2016),https://www.youtube.com/watch?v=stt8_UiqB-w
Зазнобин В.М. О мировоззрении (март 2000 г.),https://www.youtube.com/watch?v=4jra1wv6KZs
Зазнобин В.М. О мистике на бумаге и в жизни (10 июля 2012 г.),https://www.youtube.com/watch?v=M39J1f-zr98
Зазнобин В.М. О нашем будущем интервью под Новый 2018 год,https://www.youtube.com/watch?v=-G39jHCPtGA
Зазнобин В.М. О новой глобальной повестке эфире Тесла выборах и системе образования (21.09.2016),https://www.youtube.com/watch?v=f7SVyeh3bwQ
Зазнобин В.М. О партийном строительстве (7 февраля 2001 г.),https://www.youtube.com/watch?v=c1D36VLJ6eU
Зазнобин В.М. О причинах хаоса на Украине (июнь 2014 г.),https://www.youtube.com/watch?v=wLGKNYAreQs
Зазнобин В.М. О развале Союза и будущем глобальной цивилизации (30 октября 2016 г.),https://www.youtube.com/watch?v=RdoVxwRvFnw
Зазнобин В.М. О сакральности власти и итогах поездки в Китай (27 ноября 2013 г.),https://www.youtube.com/watch?v=mScogtKNz34
Зазнобин В.М. О системе образования (2008 г.),https://www.youtube.com/watch?v=y1U0OvdBIts
Зазнобин В.М. О справедливости Боге и христианстве г. Кишинёв (15 июня 2012 г.),https://www.youtube.com/watch?v=uAs8p5VI590
Зазнобин В.М. О стратегии национал-вождизма для России и антикоранической стратегии (18 марта 2010),https://www.youtube.com/watch?v=IRrTtbr1c3k
Зазнобин В.М. О текущем моменте. Презентация работ в Брюсселе (18 декабря 2008 г.),https://www.youtube.com/watch?v=UNWwd40UIPM
Зазнобин В.М. О том как будет осуществляться управление в будущем (28 июля 2016 г.),https://www.youtube.com/watch?v=xsGNvx7-GsE
Зазнобин В.М. О целях КПЕ (2 июля 2004 г.),https://www.youtube.com/watch?v=LXaZcmYohSY
Зазнобин В.М. Об имитационно-провокационной деятельности (апрель 2001 г.),https://www.youtube.com/watch?v=a5h62MWAk7Q
Зазнобин В.М. Об эгрегориально-матричной демократии (29 декабря 2011 г.),https://www.youtube.com/watch?v=Exgkq9psXHQ
Зазнобин В.М. Обзорное выступление Ефимов В. А. (21 марта 2001 г.),https://www.youtube.com/watch?v=dd90U9cFavg
Зазнобин В.М. Обращение к сторонникам КОБ о ноосфере и переводах на другие языки (6 мая 2017 г.),https://www.youtube.com/watch?v=fBhWYqbxJbc
Зазнобин В.М. Обсуждение проблем восприятия работ ВП СССР г. Алушта (12 августа 2013 г.),https://www.youtube.com/watch?v=tWOBGTT2xsE
Зазнобин В.М. Одноэтажная Россия часть 1. Политическое решение (11 апреля 2008 г.),https://www.youtube.com/watch?v=z0Pn-9vLB5I
Зазнобин В.М. Одноэтажная Россия часть 2. Мечтать не вредно (12 апреля 2008 г.),https://www.youtube.com/watch?v=rGyJ2_ddeWA
Зазнобин В.М. Одноэтажная Россия часть 3. Тандемное управление (13 апреля 2008 г.),https://www.youtube.com/watch?v=V4GCuuBoDHk
Зазнобин В.М. Основная проблема современности (апрель 2016 г.),https://www.youtube.com/watch?v=VUzEnhgY_7s
Зазнобин В.М. Оценка грузино-осетинского конфликта и его возможных последствий (20 августа 2008 г.),https://www.youtube.com/watch?v=wzjK9zVBarA
Зазнобин В.М. Перезагрузка библейского проекта (4 июня 2009 г.),https://www.youtube.com/watch?v=QJ8vD258FN4
Зазнобин В.М. Поездки во Вьетнам. Ситуация в движении сторонников КОБ. Работа ВП СССР (20 авг. 2009),https://www.youtube.com/watch?v=FCZUb2eaNe0
Зазнобин В.М. Политический расклад перед выборами (24 ноября 2011 г.),https://www.youtube.com/watch?v=gKjz_VDAOPY
Зазнобин В.М. Предновогоднее интервью (31 декабря 2015 г.),https://www.youtube.com/watch?v=bHsVRwO_4ns
Зазнобин В.М. Презентация КОБ в Брюсселе (декабрь 2008 г.),https://www.youtube.com/watch?v=W5bxlNYyl6U
Зазнобин В.М. Проблемы власти (19 октября 2006 г.),https://www.youtube.com/watch?v=RDuiw32fF94
Зазнобин В.М. Проблемы вхождения концепции в общество (26 ноября 2014 г.),https://www.youtube.com/watch?v=AsWauddW72I
Зазнобин В.М. Проблемы современного образования Литва (6 апреля 2010 г.),https://www.youtube.com/watch?v=j9mdRsJIy1g
Зазнобин В.М. Проект для продвижения КОБ в жизнь (16 апреля 2008 г.),https://www.youtube.com/watch?v=MuT3wpT5WZQ
Зазнобин В.М. Процесс обострения конфликта интересов в России и мире и перспективы... (01.11.2012),https://www.youtube.com/watch?v=BIl7S9vmwaw
Зазнобин В.М. Пушкин и Россия часть 1 (24 января 1997 г.),https://www.youtube.com/watch?v=qffLcVANbmc
Зазнобин В.М. Пушкин и Россия часть 2 (24 января 1997 г.),https://www.youtube.com/watch?v=lh__KKiZTho
Зазнобин В.М. Пушкинское будущее Русской цивилизации (4 июня 2017 г.),https://www.youtube.com/watch?v=GBP-EmMw7ao
Зазнобин В.М. Расовая политика (16 февраля 2000 г.),https://www.youtube.com/watch?v=h6T6NjvLRVw
Зазнобин В.М. Роль журналистики в современном обществе (14 февраля 2007 г.),https://www.youtube.com/watch?v=njljiR_xn0Y
Зазнобин В.М. Россия на новом этапе глобализации (21 июня 2013 г.),https://www.youtube.com/watch?v=oEeMYiugkKk
Зазнобин В.М. Россия на пороге новой эпохи (4 января 2015 г.),https://www.youtube.com/watch?v=8umwgT0EVbU
Зазнобин В.М. Россия Украина и глобальная трансформация (31 мая 2014 г.),https://www.youtube.com/watch?v=A-23Lp477Cw
Зазнобин В.М. Русская культура против апокалипсиса (1 декабря 2005 г.),https://www.youtube.com/watch?v=AmexHIvHcTc
Зазнобин В.М. С Новым сложным 2017 годом (27 декабря 2016 г.),https://www.youtube.com/watch?v=APkyZU1nqEQ
Зазнобин В.М. С чего всё начиналось (7 апреля 2004 г.),https://www.youtube.com/watch?v=rVs_L342GeM
Зазнобин В.М. Саи Баба Индия АПЛ Курск (27 сентября 2000 г.),https://www.youtube.com/watch?v=62xIhPFP8Is
Зазнобин В.М. Семинар для молодёжи Карелии (24 сентября 2013 г.),https://www.youtube.com/watch?v=7sw1oS7GCjE
Зазнобин В.М. Символизм метода динамического программирования в творчестве А.С. Пушкина (23.06.2011),https://www.youtube.com/watch?v=-4jiLxyc4wk
Зазнобин В.М. Ситуация на Украине глазами украинцев (декабрь 2016 г.),https://www.youtube.com/watch?v=Qb1wm4d5k0E
Зазнобин В.М. Слёт КПЕ часть 1. Становитесь концептуально властными (июль 2004 г.),https://www.youtube.com/watch?v=foyzBsKh3So
Зазнобин В.М. Слёт КПЕ часть 2. Ответы на вопросы (июль 2004 г.),https://www.youtube.com/watch?v=aOMaiAsuUGI
Зазнобин В.М. Смена логики социального поведения. Закон времени (октябрь 1993 г.),https://www.youtube.com/watch?v=Et9WseTfUyg
Зазнобин В.М. Современное положение России в видении ВП СССР Москва (13 апреля 2010 г.),https://www.youtube.com/watch?v=3bq3Lxl39Ao
Зазнобин В.М. Сталин и будущее России (21 декабря 2012 г.),https://www.youtube.com/watch?v=XawIFZ0M72A
Зазнобин В.М. Тихая сапа (ноябрь 1998 г.),https://www.youtube.com/watch?v=MH8ihFFb5qQ
Зазнобин В.М. Троцкизм в исламе (май 1999 г.),https://www.youtube.com/watch?v=PtYrEONgBlQ
Зазнобин В.М. Участие ВП СССР в ШОС 20 съезд КПСС (1 марта 2006 г.),https://www.youtube.com/watch?v=WTSuTTKTnYI
Зазнобин В.М. Фёдоров. Кургинян. Провокация в храме. Церковь. Путин. Слёт в Серпухове (10 июля 2012),https://www.youtube.com/watch?v=3NkZJClkQBk
Зазнобин В.М. Философия. Религия. ЛГБТ. Египет. Еврейство. Космос. Кодировки Путина (12.08.2013),https://www.youtube.com/watch?v=Lp8qLmLGJds
Зазнобин В.М. Человечество – это мужчины женщины и дети (23 июля 1997 г.),https://www.youtube.com/watch?v=D7-plnnyr8Y
Зазнобин В.М. Экономика. Анастасиевцы. Методология. Бог. Воля. Монголы. Египет (14 августа 2013 г.),https://www.youtube.com/watch?v=qUfFmPzbdSQ
Зазнобин В.М. Энергия мечты (16 февраля 2018 г.),https://www.youtube.com/watch?v=B1oCu6Wf5Bs
Зазнобин В.М. Энергодиалог Россия-ЕС Европарламент Брюссель (13-14 сентября 2010 г.),https://www.youtube.com/watch?v=iid1OD8aRuo
Зазнобин В.М. Юбилей Сталина. Социальная гигиена (21 декабря 2009 г.),https://www.youtube.com/watch?v=mcnnSqFCzCM
Зазнобин В.М. Интервью по книгам ВП СССР (2005 г.),https://www.youtube.com/watch?v=sFNmfO5T_Go
Зазнобин В.М. Мастер и Маргарита Библия МКФС (25 января 2006 г.),https://www.youtube.com/watch?v=ETDl4AXhy6k